0,0,0,0,0,0,0,0,0,0,0,0,0,0,0,0,0,0,0,0,0,0,0,0,0,0,0,0,0,0,0,0,0,0,0,0,0,0,0,0,0,0,0,0,0,0,0,0,0,0,0,0,0,0,0,0,0,0,0,0,0,0,0,0,0,0,0,0,0,0,0,0,0,0,0,0,0,0,0,0,0,0,0,0,0,0,0,0,0,0,0,0,0,0,0,0,0,0,0,0,0,0,0,0,0,0,0,0,0,0,0,0,0,0,0,0,0,0,0,0,0,0,0,0,0,0,0,0,0,0,0,0,0,0,0,0,0,0,0,0,0,0,0,0,0,0,0,0,0,0,0,0,0,0,0,0,0,0,0,0,0,0,0,0,0,0,0,0,0,0,0,0,0,0,0,0,0,0,0,0,0,0,0,0,0,0,0,0,0,0,0,0,0,0,0,0,0,0,0,0,0,0,0,0,0,0,0,0,0,0,0,0,0,0,0,0,0,0,0,0,0,0,0,0,0,0,0,0,0,0,0,0,0,0,0,0,0,0,0,0,0,0,0,0,0,0,0,0,0,0,0,0,0,0,0,0,0,0,0,0,0,0,0,0,0,0,0,0,0,0,0,0,0,0,0,0,0,0,0,0,0,0,0,0,0,0,0,0,0,0,0,0,0,0,0,0,0,0,0,0,0,0,0,0,0,0,0,0,0,0,0,0,0,0,0,0,0,0,0,0,0,0,0,0,0,0,0,0,0,0,0,0,0,0,0,0,0,0,0,0,0,0,0,0,0,0,0,0,0,0,0,0,0,0,0,0,0,0,0,0,0,0,0,0,0,0,0,0,0,0,0,0,0,0,0,0,0,0,0,0,0,0,0,0,0,0,0,0,0,0,0,0
0,0,0,0,0,0,0,0,0,0,0,0,0,0,0,0,0,0,0,0,0,0,0,0,0,0,0,0,0,0,0,0,0,0,0,0,0,0,0,0,0,0,0,0,0,0,0,0,0,0,0,0,0,0,0,0,0,0,0,0,0,0,0,0,0,0,0,0,0,0,0,0,0,0,0,0,0,0,0,0,0,0,0,0,0,0,0,0,0,0,0,0,0,0,0,0,0,0,0,0,0,0,0,0,0,0,0,0,0,0,0,0,0,0,0,0,0,0,0,0,0,0,0,0,0,0,0,0,0,0,0,0,0,0,0,0,0,0,0,0,0,0,0,0,0,0,0,0,0,0,0,0,0,0,0,0,0,0,0,0,0,0,0,0,0,0,0,0,0,0,0,0,0,0,0,0,0,0,0,0,0,0,0,0,0,0,0,0,0,0,0,0,0,0,0,0,0,0,0,0,0,0,0,0,0,0,0,0,0,0,0,0,0,0,0,0,0,0,0,0,0,0,0,0,0,0,0,0,0,0,0,0,0,0,0,0,0,0,0,0,0,0,0,0,0,0,0,0,0,0,0,0,0,0,0,0,0,0,0,0,0,0,0,0,0,0,0,0,0,0,0,0,0,0,0,0,0,0,0,0,0,0,0,0,0,0,0,0,0,0,0,0,0,0,0,0,0,0,0,0,0,0,0,0,0,0,0,0,0,0,0,0,0,0,0,0,0,0,0,0,0,0,0,0,0,0,0,0,0,0,0,0,0,0,0,0,0,0,0,0,0,0,0,0,0,0,0,0,0,0,0,0,0,0,0,0,0,0,0,0,0,0,0,0,0,0,0,0,0,0,0,0,0,0,0,0,0,0,0,0,0,0,0,0,0,0,0,0,0,0,0,0
808,808,808,808,808,808,808,808,808,808,808,808,808,808,808,808,808,808,808,808,808,808,808,808,808,808,808,808,808,808,808,808,808,808,808,808,808,808,808,808,808,808,808,808,808,808,808,808,808,808,808,808,808,808,808,808,808,808,808,808,808,808,808,808,808,808,808,808,808,808,808,808,808,808,808,808,808,808,808,808,808,808,808,808,808,808,808,808,808,808,808,808,808,808,808,808,808,808,808,808,808,808,808,808,808,808,808,808,808,808,808,808,808,808,808,808,808,808,808,808,808,808,808,808,808,808,808,808,808,808,808,808,808,808,808,808,808,808,808,808,808,808,808,808,808,808,808,808,808,808,808,808,808,808,808,808,808,808,808,808,808,808,808,808,808,808,808,808,808,808,808,808,808,808,808,808,808,808,808,808,808,808,808,808,808,808,808,808,808,808,808,808,808,808,808,808,808,808,808,808,808,808,808,808,808,808,808,808,808,808,808,808,808,808,808,808,808,808,808,808,808,808,808,808,808,808,808,808,808,808,808,808,808,808,808,808,808,808,808,808,808,808,808,808,808,808,808,808,808,808,808,808,808,808,808,808,808,808,808,808,808,808,808,808,808,808,808,808,808,808,808,808,808,808,808,808,808,808,808,808,808,808,808,808,808,808,808,808,808,808,808,808,808,808,808,808,808,808,808,808,808,808,808,808,808,808,808,808,808,808,808,808,808,808,808,808,808,808,808,808,808,808,808,808,808,808,808,808,808,808,808,808,808,808,808,808,808,808,808,808,808,808,808,808,808,0,0,0,0,0,0,0,0,0,0,0,0,0,0,0,0,0,0,0,0,0,0,0,0,0,0,0,0,0,0,0,0,0,0,0,0,0,0,0,0,0,0,0,0,0,0,0
0,0,0,0,0,0,0,0,0,0,0,0,0,0,0,0,0,0,0,0,0,0,0,0,0,0,0,0,0,0,0,0,0,0,0,0,0,0,0,0,0,0,0,0,0,0,0,0,0,0,0,0,0,0,0,0,0,0,0,0,0,0,0,0,0,0,0,0,0,0,0,0,0,0,0,0,0,0,0,0,0,0,0,0,0,0,0,0,0,0,0,0,0,0,0,0,0,0,0,0,0,0,0,0,0,0,0,0,0,0,0,0,0,0,0,0,0,0,0,0,0,0,0,0,0,0,0,0,0,0,0,0,0,0,0,0,0,0,0,0,0,0,0,0,0,0,0,0,0,0,0,0,0,0,0,0,0,0,0,0,0,0,0,0,0,0,0,0,0,0,0,0,0,0,0,0,0,0,0,0,0,0,0,0,0,0,0,0,0,0,0,0,0,0,0,0,0,0,0,0,0,0,0,0,0,0,0,0,0,0,0,0,0,0,0,0,0,0,0,0,0,0,0,0,0,0,0,0,0,0,0,0,0,0,0,0,0,0,0,0,0,0,0,0,0,0,0,0,0,0,0,0,0,0,0,0,0,0,0,0,0,0,0,0,0,0,0,0,0,0,0,0,0,0,0,0,0,0,0,0,0,0,808,808,808,808,808,808,0,0,0,0,0,0,0,0,0,0,0,0,0,0,808,808,0,0,0,0,0,0,0,0,0,0,0,0,0,0,0,0,808,808,808,808,808,808,808,808,808,808,808,808,808,808,808,808,808,808,808,808,808,808,808,808,808,0,0,0,0,0,0,0,0,0,0,0,0,0,0,0,0,0,0,0,0,0,0,0,0,0,0,0,0,0,0,0,0,0,0,0,0,0,0,0,0,0,0,0,0,0,0,0
0,0,999,0,0,0,0,0,0,0,0,0,0,0,0,0,0,0,0,0,0,0,0,0,0,0,0,0,0,0,0,0,0,0,0,0,0,0,0,0,0,0,0,0,0,0,0,0,0,0,0,0,0,0,0,0,0,0,0,0,0,0,0,0,0,0,0,0,0,0,0,0,0,0,0,0,0,0,0,0,0,0,0,0,0,0,0,0,0,0,0,0,0,0,0,0,0,0,0,0,0,0,0,0,0,0,0,0,0,0,0,0,0,0,0,0,0,0,0,0,0,0,0,0,0,0,0,0,0,0,0,0,0,0,0,0,0,0,0,0,0,0,0,0,0,0,0,0,0,0,0,0,0,0,0,0,0,0,0,0,0,0,0,0,0,0,0,0,0,0,0,0,0,0,0,0,0,0,0,0,0,0,0,0,0,0,0,0,0,0,0,0,0,0,0,0,0,0,0,0,0,0,0,0,0,0,0,0,0,0,0,0,0,0,0,0,0,0,0,0,0,0,0,0,0,0,0,0,0,0,0,0,0,0,0,0,0,0,0,0,0,0,0,0,0,0,0,0,0,0,0,0,0,0,0,0,0,0,0,0,0,0,0,0,0,0,0,0,0,0,0,0,0,0,0,0,0,0,0,0,0,0,808,808,808,808,808,808,0,0,0,0,0,0,0,0,0,0,0,0,0,0,808,808,0,0,0,0,0,0,0,0,0,0,0,0,0,0,0,0,808,808,808,808,808,808,808,808,808,808,808,808,808,808,808,808,808,808,808,808,808,808,808,808,808,0,0,0,0,0,0,0,0,0,0,0,0,0,0,0,0,0,0,0,0,0,0,0,0,0,0,0,0,0,0,0,0,0,0,0,0,0,0,0,0,0,0,0,0,0,0,0
0,0,0,0,0,0,0,0,0,0,0,0,0,0,0,0,0,0,0,0,0,0,0,0,0,0,0,0,0,0,0,0,0,0,0,0,0,0,0,0,0,0,0,0,0,0,0,0,0,0,0,0,0,0,0,0,0,0,0,0,0,0,0,0,0,0,0,0,0,0,0,0,0,0,0,0,0,0,0,0,0,0,0,0,0,0,0,0,0,0,0,0,0,0,0,0,0,0,0,0,0,0,0,0,0,0,0,0,0,0,0,0,0,0,0,0,0,0,0,0,0,0,0,0,0,0,0,0,0,0,0,0,0,0,0,0,0,0,0,0,0,0,0,0,0,0,0,0,0,0,0,0,0,0,0,0,0,0,0,0,0,0,0,0,0,0,0,0,0,0,0,0,0,0,0,0,0,0,0,0,0,0,0,0,0,0,0,0,0,0,0,0,0,0,0,0,0,0,0,0,0,0,0,0,0,0,0,0,0,0,0,0,0,0,0,0,0,0,0,0,0,0,0,0,0,0,0,0,0,0,0,0,0,0,0,0,0,0,0,0,0,0,0,0,0,0,0,0,0,0,0,0,0,0,0,0,0,0,0,0,0,0,0,0,0,0,0,0,0,0,0,0,0,0,0,0,0,0,0,0,0,0,0,0,0,0,0,0,0,0,0,0,0,0,0,0,0,0,0,0,0,0,808,808,0,0,0,0,0,0,0,0,0,0,0,0,0,0,0,0,808,808,808,808,808,808,808,808,808,808,808,808,808,808,808,808,808,808,808,808,808,808,808,808,808,0,0,0,0,0,0,0,0,0,0,0,0,0,0,0,0,0,0,0,0,0,0,0,0,0,0,0,0,0,0,0,0,0,0,0,0,0,0,0,0,0,0,0,0,0,0,0
0,0,0,0,0,0,0,0,0,0,0,0,0,0,0,0,0,0,0,0,0,0,0,0,0,0,0,0,0,0,0,0,0,0,0,0,0,0,0,0,0,0,0,0,0,0,0,0,0,0,0,0,0,0,0,0,0,0,0,0,0,0,0,0,0,0,0,0,0,0,0,0,0,0,0,0,808,808,808,808,0,0,0,0,0,0,0,0,0,0,0,0,0,0,0,0,0,0,0,0,0,0,0,0,0,0,0,0,0,0,0,0,0,0,0,0,0,0,0,0,0,0,0,0,0,0,0,0,0,0,0,0,0,0,0,0,0,0,0,0,0,0,0,0,0,0,0,0,0,0,0,0,825,905,0,0,0,0,0,0,0,0,0,0,0,0,0,0,0,0,0,0,0,0,0,0,0,0,0,0,0,0,0,0,0,0,0,0,0,0,0,0,0,0,0,0,0,0,0,0,0,0,0,0,0,0,0,0,0,0,0,0,0,0,0,0,0,0,0,0,0,0,0,0,0,0,0,0,0,0,0,0,0,0,0,0,0,0,0,0,0,0,0,0,0,0,0,0,0,0,0,0,0,0,0,0,0,0,0,0,0,0,0,0,0,0,0,0,0,0,0,0,0,0,0,0,0,0,0,0,0,0,0,0,0,0,0,0,0,0,0,0,0,0,0,0,0,0,0,0,0,0,0,0,0,0,0,0,0,0,0,0,0,0,0,0,0,0,0,0,808,808,808,808,808,808,808,808,808,808,808,808,808,808,808,808,808,808,808,808,808,808,808,808,808,0,0,0,0,0,0,0,0,0,0,0,0,0,0,0,0,0,0,0,0,0,0,0,0,0,0,0,0,0,0,0,0,0,0,0,0,0,0,0,0,0,0,0,0,0,0,0
808,808,808,0,0,0,0,0,0,0,0,0,0,0,0,0,0,0,0,0,0,0,0,0,0,0,0,0,0,0,0,0,0,0,0,0,0,0,0,0,0,0,0,0,0,0,0,0,0,0,0,0,0,0,0,0,0,0,0,0,0,0,0,0,0,0,0,0,0,0,0,0,0,0,0,0,0,0,0,0,0,0,0,0,0,0,0,0,0,0,825,905,0,0,0,0,0,0,0,0,0,0,0,0,0,0,0,0,0,0,0,0,0,0,0,0,0,0,0,0,0,0,0,0,0,0,0,0,0,0,0,0,0,0,0,0,0,0,0,0,0,0,0,0,0,0,0,0,0,0,0,0,831,832,0,0,0,0,0,0,0,0,0,0,0,0,0,0,0,0,0,0,0,0,0,0,0,0,0,0,0,0,0,0,0,0,0,0,0,0,0,0,0,0,0,0,0,0,0,0,0,0,0,0,0,0,0,0,0,0,0,0,825,905,0,0,0,0,0,0,0,0,0,0,0,0,0,0,0,0,0,0,0,0,0,0,0,0,0,0,0,0,0,0,0,0,0,0,0,0,0,0,0,0,0,0,0,0,0,0,0,0,0,0,0,0,0,0,0,0,0,0,0,0,0,0,0,0,0,0,0,0,0,0,0,0,0,0,0,0,0,0,0,0,0,0,0,0,0,0,0,0,0,0,0,0,0,0,0,0,0,0,0,0,0,0,0,0,0,0,808,808,808,808,808,808,808,808,808,808,808,808,808,808,808,808,808,808,808,808,808,808,808,808,808,0,0,0,0,0,0,0,0,0,0,0,0,0,0,0,0,0,0,0,0,0,0,0,0,0,0,0,0,0,0,0,0,0,0,0,0,0,0,0,0,0,0,0,0,0,0,0
808,808,808,808,0,0,0,0,0,0,0,0,0,0,0,0,0,0,0,0,0,0,0,0,0,0,0,0,0,0,0,0,0,0,0,0,0,0,0,0,0,0,0,0,0,0,0,0,0,0,0,0,0,0,0,0,0,0,0,0,0,0,0,0,0,0,0,0,0,0,0,0,0,0,0,0,0,0,0,0,0,825,905,0,0,0,0,0,0,0,831,832,0,0,0,0,0,0,0,0,0,0,0,0,0,0,0,0,0,0,0,0,0,0,0,0,0,0,0,0,0,0,0,0,0,0,0,0,0,0,0,0,0,0,0,0,0,0,0,0,0,0,0,0,0,0,0,0,0,0,0,0,831,832,0,0,0,0,0,0,0,0,0,0,0,0,0,0,0,0,0,0,0,0,0,0,0,0,0,0,0,0,0,0,0,0,0,0,0,0,0,0,0,0,0,0,0,0,0,0,0,0,0,0,825,905,0,0,0,0,0,0,831,832,0,0,0,0,0,0,0,0,0,0,0,0,0,0,825,905,0,0,0,0,0,0,0,0,0,0,0,0,0,0,0,0,0,0,0,0,0,0,0,0,0,0,0,0,0,0,0,0,0,0,0,0,0,0,0,0,0,0,0,0,0,0,0,0,0,0,0,0,0,0,0,0,0,0,0,0,0,0,0,0,0,847,0,0,0,0,0,849,0,0,0,0,0,0,0,0,0,0,0,0,0,0,0,0,0,0,808,808,808,808,808,808,808,808,808,808,808,808,808,808,808,808,808,808,808,808,808,808,808,808,808,0,0,0,0,0,0,0,0,0,0,0,0,0,0,0,0,0,0,0,0,0,0,0,0,0,0,0,0,0,0,0,0,0,0,0,0,0,0,0,0,0,0,0,0,0,0,0
808,808,808,808,808,0,0,0,0,0,0,0,0,0,0,0,0,0,0,0,0,0,0,0,0,0,0,0,0,0,0,0,0,0,0,0,0,0,0,0,0,0,0,0,0,0,0,0,0,0,0,0,0,0,0,0,0,0,0,0,0,0,0,0,0,0,0,0,0,0,0,0,0,0,0,0,0,0,0,0,0,831,832,0,0,0,0,0,0,0,831,832,0,0,0,0,0,0,0,0,0,0,0,0,0,0,0,0,0,0,0,0,0,0,0,0,0,0,0,0,0,0,0,0,0,0,0,0,0,0,0,0,0,0,0,0,0,0,0,0,0,0,0,0,0,0,0,0,0,0,0,0,808,808,0,0,0,0,0,0,0,0,0,0,0,0,0,0,0,0,0,0,0,0,0,0,0,0,0,0,0,0,0,0,0,0,0,0,0,0,0,0,0,0,0,0,0,0,0,0,0,0,0,0,831,832,0,0,0,0,0,0,831,832,0,0,0,0,0,0,0,0,0,0,0,0,0,0,831,832,0,0,0,0,0,0,0,0,0,0,0,0,0,0,0,0,0,0,0,0,0,0,0,0,0,0,0,0,0,0,0,0,0,0,0,0,0,0,0,0,0,0,0,0,0,0,0,0,0,0,0,0,0,0,0,0,0,0,0,0,0,0,0,0,0,0,0,0,0,0,0,808,808,808,0,0,0,0,0,0,0,0,0,0,0,0,0,0,0,0,808,808,808,808,808,808,808,808,808,808,808,808,808,808,808,808,808,808,808,808,808,808,808,808,808,0,0,0,0,0,0,0,0,0,0,0,0,0,0,0,0,0,0,0,0,0,0,0,0,0,0,0,0,0,0,0,0,0,0,0,0,0,0,0,0,0,0,0,0,0,0,0
808,808,808,808,808,808,0,0,0,0,0,0,0,0,0,0,0,0,0,0,0,0,0,0,0,0,0,0,0,0,0,0,0,0,0,0,0,0,0,0,0,0,0,0,0,0,0,0,0,0,0,0,0,0,0,0,0,0,0,0,0,0,808,808,808,808,0,0,0,0,0,0,0,0,0,808,808,808,808,808,808,831,832,808,808,808,808,808,808,808,831,832,808,808,808,808,0,0,0,0,0,0,0,0,0,0,0,0,0,0,0,0,0,0,0,0,0,0,0,0,0,0,825,905,0,0,0,0,0,0,0,0,0,0,0,0,0,0,0,0,0,0,825,905,0,0,0,0,0,0,0,0,0,0,0,0,0,0,0,0,0,0,0,0,0,0,0,0,0,0,0,0,0,0,0,0,0,0,0,0,0,0,0,0,0,0,0,0,0,0,0,0,0,0,0,0,0,0,808,808,808,808,808,808,831,832,808,808,808,808,808,808,831,832,808,808,808,808,808,808,0,0,0,0,808,808,808,808,831,832,808,808,808,808,808,808,808,808,808,808,808,808,808,808,808,808,808,808,808,808,808,808,808,808,808,808,0,0,0,0,0,0,0,0,0,0,0,0,0,0,0,0,0,0,0,0,0,0,0,0,0,0,808,808,808,808,808,808,869,869,869,869,869,869,869,869,870,869,869,869,869,808,808,808,0,0,0,0,0,0,0,0,0,0,0,0,0,0,0,0,808,808,808,808,808,808,808,808,808,808,808,808,808,808,808,808,808,808,808,808,808,808,808,808,808,0,0,0,0,0,0,879,0,0,0,0,0,0,0,0,0,0,0,0,0,0,0,0,0,0,0,0,0,0,0,0,0,0,0,0,0,0,0,0,0,0,0,0,0,0,0,0
808,808,808,808,808,808,0,0,0,0,0,0,0,0,0,0,0,0,0,825,905,0,0,0,0,0,0,0,0,0,0,0,0,0,0,0,0,0,0,0,0,0,0,0,0,0,0,0,0,0,0,825,905,0,0,0,0,0,0,0,0,0,808,808,808,808,0,0,0,0,0,0,0,0,0,808,808,808,808,808,808,831,832,808,808,808,808,808,808,808,831,832,808,808,808,808,0,0,0,0,0,0,0,0,0,0,0,0,0,0,0,0,0,0,0,825,905,0,0,0,0,0,831,832,0,0,0,0,0,0,0,0,825,905,0,0,0,0,0,875,0,875,831,832,0,0,0,0,0,0,0,0,0,0,0,875,0,875,0,0,0,0,0,0,0,0,0,0,0,0,0,0,0,0,0,0,0,0,0,0,0,0,0,0,0,0,0,0,0,0,0,0,0,0,0,825,905,0,808,808,808,808,808,808,831,832,808,808,808,808,808,808,831,832,808,808,808,808,808,808,0,0,0,0,808,808,808,808,831,832,808,808,808,808,808,808,808,808,808,808,808,808,808,808,808,808,808,808,808,808,808,808,808,808,808,808,0,0,0,825,905,0,0,0,0,0,825,905,0,0,0,0,0,878,0,0,0,0,0,0,0,0,808,808,808,808,808,808,0,0,0,0,0,0,0,0,0,0,0,0,0,808,808,808,0,0,0,0,0,0,0,0,0,0,0,0,0,0,0,0,808,808,808,808,808,808,808,808,808,808,808,808,808,808,808,808,808,808,808,808,808,808,808,808,808,808,808,808,808,808,808,808,808,808,808,808,808,808,808,808,808,808,808,808,808,808,808,808,808,808,808,808,808,808,808,808,808,808,808,808,808,808,808,808,808,808,808,808,808,808,808,808
808,808,808,808,808,808,0,0,0,0,0,0,0,0,0,0,0,0,0,831,832,0,0,0,0,0,0,0,0,0,0,0,0,0,0,0,0,0,0,0,0,0,0,0,0,0,0,0,0,0,0,831,832,0,0,0,882,0,882,0,882,0,808,808,808,808,0,0,0,961,961,0,0,0,0,808,808,808,808,808,808,831,832,808,808,808,808,808,808,808,831,832,808,808,808,808,0,0,0,0,0,0,0,0,0,0,0,0,0,0,0,0,0,0,0,831,832,0,0,0,0,0,831,832,0,0,0,0,886,0,886,0,831,832,0,0,0,0,0,0,0,0,831,832,0,0,0,0,0,0,0,0,0,0,0,0,0,0,0,0,0,0,0,0,0,0,0,0,0,0,0,0,0,0,0,0,0,0,0,0,0,0,0,0,0,0,0,0,0,0,0,0,0,0,0,831,832,0,808,808,808,808,808,808,831,832,808,808,808,808,808,808,831,832,808,808,808,808,808,808,0,0,0,0,808,808,808,808,831,832,808,808,808,808,808,808,808,808,808,808,808,808,808,808,808,808,808,808,808,808,808,808,808,808,808,808,0,0,0,831,832,0,0,0,0,0,831,832,0,0,0,0,0,0,0,0,0,0,0,0,0,0,808,808,808,808,808,808,0,0,0,0,0,0,0,0,0,0,0,0,0,808,808,808,0,0,0,0,0,0,0,0,0,879,0,0,0,0,0,0,808,808,808,808,808,808,808,808,808,808,808,808,808,808,808,808,808,808,808,808,808,808,808,808,808,808,808,808,808,808,808,808,808,808,808,808,808,808,808,808,808,808,808,808,808,808,808,808,808,808,808,808,808,808,808,808,808,808,808,808,808,808,808,808,808,808,808,808,808,808,808,808
808,808,808,808,808,808,893,893,893,893,893,808,808,808,808,808,808,808,808,831,832,808,808,808,808,808,808,808,808,808,808,808,808,808,808,808,808,808,808,808,808,808,808,808,808,808,808,808,808,808,808,831,832,808,808,808,808,808,808,808,808,808,808,808,808,808,893,893,893,893,893,893,893,893,893,808,808,808,808,808,808,831,832,808,808,808,808,808,808,808,831,832,808,808,808,808,808,808,808,808,808,808,808,808,808,808,808,808,808,808,808,808,808,808,808,831,832,808,808,808,808,808,831,832,808,808,808,808,900,808,900,808,831,832,808,808,808,808,808,808,808,808,831,832,893,893,893,808,808,808,808,808,808,808,808,808,808,808,808,808,808,808,808,808,808,808,808,808,808,808,808,808,808,808,808,808,808,808,808,808,808,808,808,808,808,808,808,808,808,808,808,808,808,808,808,831,832,808,808,808,808,808,808,808,831,832,808,808,808,808,808,808,831,832,808,808,808,808,808,808,893,893,893,893,808,808,808,808,831,832,808,808,808,808,808,808,808,808,808,808,808,808,808,808,808,808,808,808,808,808,808,808,808,808,808,808,808,808,808,831,832,808,808,808,808,808,831,832,808,808,808,808,808,901,808,808,808,893,893,893,893,893,808,808,808,808,808,808,893,893,893,893,893,893,893,893,893,893,893,893,893,808,808,808,808,808,808,808,808,808,808,808,808,808,808,808,808,808,808,808,808,808,808,808,808,808,808,808,808,808,808,808,808,808,808,808,808,808,808,808,808,808,808,808,808,808,808,808,808,808,808,808,808,808,808,808,808,808,808,808,808,808,808,808,808,808,808,808,808,808,808,808,808,808,808,808,808,808,808,808,808,808,808,808,808,808,808,808,808,808,808,808
808,808,808,808,808,808,904,904,904,904,904,808,808,808,808,808,808,808,808,831,832,808,808,808,808,808,808,808,808,808,808,808,808,808,808,808,808,808,808,808,808,808,808,808,808,808,808,808,808,808,808,831,832,808,808,808,808,808,808,808,808,808,808,808,808,808,904,904,904,904,904,904,904,904,904,808,808,808,808,808,808,831,832,808,808,808,808,808,808,808,831,832,808,808,808,808,808,808,808,808,808,808,808,808,808,808,808,808,808,808,808,808,808,808,808,831,832,808,808,808,808,808,831,832,808,808,808,808,808,808,808,808,831,832,808,808,808,808,808,808,808,808,831,832,904,904,904,808,808,808,808,808,808,808,808,808,808,808,808,808,808,808,808,808,808,808,808,808,808,808,808,808,808,808,808,808,808,808,808,808,808,808,808,808,808,808,808,808,808,808,808,808,808,808,808,831,832,808,808,808,808,808,808,808,831,832,808,808,808,808,808,808,831,832,808,808,808,808,808,808,904,904,904,904,808,808,808,808,831,832,808,808,808,808,808,808,808,808,808,808,808,808,808,808,808,808,808,808,808,808,808,808,808,808,808,808,808,808,808,831,832,808,808,808,808,808,831,832,808,808,808,808,808,808,808,808,808,904,904,904,904,904,808,808,808,808,808,808,904,904,904,904,904,904,904,904,904,904,904,904,904,808,808,808,808,808,808,808,808,808,808,808,808,808,808,808,808,808,808,808,808,808,808,808,808,808,808,808,808,808,808,808,808,808,808,808,808,808,808,808,808,808,808,808,808,808,808,808,808,808,808,808,808,808,808,808,808,808,808,808,808,808,808,808,808,808,808,808,808,808,808,808,808,808,808,808,808,808,808,808,808,808,808,808,808,808,808,808,808,808,808,808
